timestamp,service,error_code,message
2026-03-25 00:00:15,api-gateway,ERR-503,Service unavailable
2026-03-25 00:00:45,api-gateway,ERR-503,Service unavailable
2026-03-25 00:01:22,api-gateway,ERR-503,Service unavailable
2026-03-25 01:15:30,user-service,,Request processed successfully
2026-03-25 02:20:10,payment-service,,Payment processed
2026-03-25 03:45:55,user-service,,User login successful
2026-03-25 04:10:20,api-gateway,,Health check passed
2026-03-25 05:30:40,payment-service,,Payment processed
2026-03-25 06:15:25,user-service,,Request processed successfully
2026-03-25 07:00:00,api-gateway,,Health check passed
2026-03-25 08:30:15,notification-service,,Email sent successfully
2026-03-25 09:45:30,user-service,,Request processed successfully
2026-03-25 10:20:45,payment-service,ERR-401,Authentication failed
2026-03-25 11:00:10,api-gateway,,Request processed successfully
2026-03-25 12:30:55,user-service,,User login successful
2026-03-25 13:15:40,payment-service,,Payment processed
2026-03-25 14:00:25,notification-service,,SMS sent successfully
2026-03-25 15:30:10,api-gateway,,Request processed successfully
2026-03-25 16:45:35,user-service,ERR-404,User not found
2026-03-25 17:20:50,payment-service,,Payment processed
2026-03-25 18:00:15,api-gateway,,Health check passed
2026-03-25 19:30:40,user-service,,Request processed successfully
2026-03-25 20:15:25,notification-service,,Email sent successfully
2026-03-25 21:00:10,payment-service,,Payment processed
2026-03-25 22:30:55,api-gateway,,Request processed successfully
2026-03-25 23:00:20,user-service,,User login successful
2026-03-25 23:30:45,api-gateway,ERR-500,Internal server error
2026-03-25 23:31:10,api-gateway,ERR-500,Internal server error
2026-03-25 23:31:35,api-gateway,ERR-500,Internal server error
